waypoint_index	uncertainty	
1	0.0799645	
2	0.0790537	
3	0.0701258	
4	0.130149	
