waypoint_index	uncertainty	
1	0.121503	
2	0.121761	
3	0.010008	
4	0.010008	
