waypoint_index	uncertainty	
1	0.0354729	
2	0.0884392	
3	0.0730037	
4	0.0730037	
