waypoint_index	uncertainty	
1	0.0790694	
2	0.093333	
3	0.0962702	
4	0.134227	
