waypoint_index	uncertainty	
1	0.00885918	
2	0.0245329	
3	0.037516	
4	0.0920758	
