waypoint_index	uncertainty	
1	0.0344366	
2	0.0997185	
3	0.195667	
4	0.0468941	
